{"stat.pickup.minecraft.pumpkin":4,"stat.leaveGame":2,"stat.mineBlock.minecraft.pumpkin":4,"stat.mineBlock.dynamictrees.oakbranch":12,"stat.drop.tconstruct.tough_binding":1,"stat.craftItem.minecraft.coal":1,"stat.jump":93,"stat.swimOneCm":1169,"stat.fallOneCm":2775,"stat.useItem.dynamictreesbop.floweringoakseed":1,"stat.crouchOneCm":48,"stat.craftItem.minecraft.torch":4,"stat.pickup.tconstruct.tough_binding":1,"stat.pickup.minecraft.dirt":21,"stat.useItem.minecraft.stone_slab2":13,"stat.craftingTableInteraction":3,"stat.craftItem.minecraft.furnace":2,"stat.craftItem.tconstruct.pattern":20,"stat.damageTaken":20,"stat.mineBlock.minecraft.furnace":1,"stat.useItem.minecraft.wooden_pickaxe":24,"stat.pickup.minecraft.cobblestone":28,"stat.mineBlock.biomesoplenty.plant_0":3,"stat.flyOneCm":159,"stat.pickup.minecraft.wheat_seeds":2,"stat.pickup.dynamictreesbop.floweringoakseed":3,"stat.timeSinceDeath":21814,"stat.mineBlock.minecraft.dirt":21,"stat.craftItem.minecraft.wooden_pickaxe":1,"stat.walkOneCm":74411,"stat.useItem.minecraft.torch":2,"stat.pickup.minecraft.stick":45,"stat.pickup.minecraft.crafting_table":3,"stat.useItem.minecraft.cobblestone":3,"stat.craftItem.minecraft.crafting_table":2,"stat.furnaceInteraction":2,"stat.useItem.dynamictrees.oakseed":10,"stat.pickup.minecraft.log":67,"stat.pickup.minecraft.furnace":1,"stat.useItem.tconstruct.pickaxe":6,"stat.craftItem.tconstruct.tooltables":4,"stat.pickup.minecraft.apple":2,"stat.craftItem.minecraft.wooden_axe":1,"stat.craftItem.minecraft.planks":52,"stat.mineBlock.minecraft.crafting_table":3,"stat.pickup.dynamictrees.oakseed":21,"stat.craftItem.minecraft.wooden_door":3,"stat.useItem.minecraft.wooden_door":2,"stat.drop":1,"stat.playOneMinute":21814,"stat.sneakTime":23,"stat.useItem.minecraft.wooden_axe":15,"stat.mineBlock.minecraft.stone":29,"stat.mineBlock.minecraft.tallgrass":2}